<?xml version="1.0" encoding="UTF-8"?>
<!DOCTYPE suite SYSTEM "http://testng.org/testng-1.0.dtd" >

<suite name = "Suite 1">
	<test name="My Test1">
		<classes>
			<class name="com.galenAutomation.GalenBasicSpecsTest" />
			<class name="com.galenAutomation.GalenCompareImageSpecsTest" />
			<class name="com.galenAutomation.GalenGroupObjectsTest" />
			<class name="com.galenAutomation.GalenImportSpecsFileTest" />
			<class name="com.galenAutomation.GalenDifferentPageSectionTest" />
			
		</classes>
	</test>
	
</suite>