<?xml version="1.0" encoding="UTF-8"?>
<Configuration status="warn">
    <Properties>
        <Property name="basePath">Logs</Property>
    </Properties>

    <Appenders>
        <RollingFile name="fileLogger" fileName="${basePath}/BOC_SANITY_SUITE.log"
                     filePattern="${basePath}/app-info-%d{yyyy-MM-dd}.log" ignoreExceptions="false">
            <PatternLayout>
                <pattern>[%-5level] %d{yyyy-MM-dd HH:mm:ss.SSS} [%t] %c{1} - %msg%n</pattern>
            </PatternLayout>
            <Policies>
                <TimeBasedTriggeringPolicy interval="1" modulate="true"/>
            </Policies>
        </RollingFile>

        <Console name="console" target="SYSTEM_OUT">
            <PatternLayout pattern="[%-5level] %d{yyyy-MM-dd HH:mm:ss.SSS} [%t] %c{1} - %msg%n"/>
        </Console>
    </Appenders>
    <Loggers>
        <Logger name="mobileApplications" level="debug" additivity="true">
            <appender-ref ref="fileLogger" level="debug"/>
        </Logger>
        <Logger name="webPortals" level="debug" additivity="true">
            <appender-ref ref="fileLogger" level="debug"/>
        </Logger>
        <Logger name="entity" level="debug" additivity="true">
            <appender-ref ref="fileLogger" level="debug"/>
        </Logger>
        <Logger name="jpbApp" level="debug" additivity="true">
            <appender-ref ref="fileLogger" level="debug"/>
        </Logger>
        <Logger name="agentPortal" level="debug" additivity="true">
            <appender-ref ref="fileLogger" level="debug"/>
        </Logger>
        <Logger name="test" level="debug" additivity="true">
            <appender-ref ref="fileLogger" level="debug"/>
        </Logger>
        <Root level="debug" additivity="false">
            <appender-ref ref="console"/>
           <!-- <appender-ref ref="fileLogger"/>-->
        </Root>
    </Loggers>
</Configuration>