{
  "testId" : "1-conditional-main-title-here",
  "name" : "Conditional main title here",
  "report" : {
    "nodes" : [ {
      "name" : "Conditional single test",
      "status" : "info",
      "time" : 1564067254390,
      "includedTags" : [ "Conditional" ],
      "excludedTags" : [ ],
      "sections" : [ {
        "name" : "Page: Home page",
        "place" : {
          "filePath" : "GalenSpecsDefinationFiles/GalenConditonStatementSpecs.gspec",
          "lineNumber" : 7
        },
        "objects" : [ {
          "name" : "form_header",
          "specs" : [ {
            "status" : "info",
            "place" : {
              "filePath" : "GalenSpecsDefinationFiles/GalenConditonStatementSpecs.gspec",
              "lineNumber" : 12
            },
            "name" : "visible",
            "highlight" : [ "form_header" ]
          } ]
        } ]
      } ],
      "objects" : {
        "form_header" : {
          "area" : [ 399, 231, 469, 39 ]
        }
      },
      "screenshot" : "layout-1-screenshot.png",
      "type" : "layout"
    } ]
  }
}