<!DOCTYPE suite SYSTEM "http://testng.org/testng-1.0.dtd" >
<suite name="Covering Rights Sanity Suite" parallel="methods" thread-count="1">
	<listeners>
		<listener class-name="com.base.ScreenshotListener" />
		<listener class-name="com.customannotations.enableTest" />
	</listeners>

	<parameter name="userName" value="jojoseph"/>
	<test name="Covering Rights Sanity Test">
		<classes>
			<class name="coveringRights.InitialLoadSanity"/>
			<class name="coveringRights.AddAndRevokeCoveringRights"/>
		</classes>	
	</test>
</suite>