<!DOCTYPE suite SYSTEM "http://testng.org/testng-1.0.dtd" >
<suite name="OrdersPageSanityTests" parallel="methods" thread-count="1">
	<listeners>
		<listener class-name="com.base.ScreenshotListener" />
		<listener class-name="com.customannotations.enableTest" />
	</listeners>
	<parameter name="userName" value="jojoseph"/>
	<test name="Order Page Test">
		<classes>
			<class name="orders.cwowOrdersSanity"/>
			<class name="orders.snappyOrdersSanity"/>
			<class name="orders.allOrdersCountMatchSanity"/>
		</classes>	
	</test>
</suite>