<?xml version="1.0" encoding="UTF-8"?>
<!DOCTYPE suite SYSTEM "http://testng.org/testng-1.0.dtd" >

<suite name="Patient Search Sanity Suite" parallel="methods" thread-count="1">
	<listeners>
		<listener class-name="com.base.ScreenshotListener" />
		<listener class-name="com.customannotations.enableTest" />
	</listeners>
	
	<parameter name="userName" value="jojoseph"/>
	<test name="Patient Search Sanity Test">
		<classes>
			<class name="patientSearch.PatientSearchSanity" />
		</classes>
	</test>
</suite>