<?xml version="1.0" encoding="UTF-8"?>
<!DOCTYPE suite SYSTEM "http://testng.org/testng-1.0.dtd" >
<suite name="Snappy BVT Suite" parallel="methods" thread-count="1">
	<listeners>
		<listener class-name="com.base.ScreenshotListener" />
		<listener class-name="com.customannotations.enableTest" />
	</listeners>
	<test name="Snappy Order BVT Test">
		<classes>
			<class name="orders.SnappyUnsignedOrderCountSyncTest" />
			<class name="orders.SnappyDisplayPaginationCountTest" />
		</classes>
	</test>
</suite>
