<?xml version="1.0" encoding="UTF-8"?>
<Configuration status="warn">
    <Properties>
        <Property name="basePath">TestLogs</Property>
    </Properties>

    <Appenders>
        <RollingFile name="fileLogger"
                     fileName="${basePath}/WhatsappUPITest.log"
                     filePattern="${basePath}/WhatsappUPI-info-%d{yyyy-MM-dd}.log">
            <PatternLayout>
                <pattern>[%-5level] %d{yyyy-MM-dd HH:mm:ss.SSS} [%t] %c{1} - %msg%n
                </pattern>
            </PatternLayout>
            <Policies>
                <TimeBasedTriggeringPolicy interval="1"
                                           modulate="true"/>
            </Policies>
        </RollingFile>

        <Console name="console" target="SYSTEM_OUT">
            <PatternLayout
                    pattern="[%-5level] %d{yyyy-MM-dd HH:mm:ss.SSS} [%t] %c{1} - %msg%n"/>
        </Console>
    </Appenders>
    <Loggers>
        <Logger name="base" level="debug" additivity="true">
            <appender-ref ref="fileLogger" level="debug"/>
        </Logger>
        <Logger name="ComponentFile" level="debug" additivity="true">
            <appender-ref ref="fileLogger" level="debug"/>
        </Logger>
        <Logger name="entity" level="debug" additivity="true">
            <appender-ref ref="fileLogger" level="debug"/>
        </Logger>
        <Root level="Utils" additivity="false">
            <appender-ref ref="console"/>
        </Root>
    </Loggers>
</Configuration>