{
  "authorizationCode": {"type": "string"},
  "jfsUserId": {"type": "string"},
  "session": {
    "accessToken": {
      "tokenValue": {"type": "string"},
      "expiresIn": {"type": "string"}
    },
    "refreshToken": {
      "tokenValue": {"type": "string"},
      "expiresIn": {"type": "string"}
    },
    "identifierToken": {"type": "string"}
  },
  "status": {"type": "string"},
  "roles": [
    {
      "id": {"type": "string"}
    }
  ],
  "profile": {
    "agent": {
      "status": {"type": "string"},
      "id": {"type": "string"},
      "name": {"type": "string"},
      "mobileNumber":{"type": "string"},
      "dealerId": {"type": "string"},
      "dealerName": {"type": "string"},
      "address": {
        "addressLine1": {"type": "string"},
        "addressLine2": {"type": "string"},
        "addressLine3": {"type": "string"},
        "city": {"type": "string"},
        "pinCode": {"type": "string"},
        "state": {"type": "string"}
      }
    },
    "merchant": {
      "status": {"type": "string"},
      "id": {"type": "string"},
      "name": {"type": "string"},
      "mobileNumber":{"type": "string"},
      "dealerId": {"type": "string"},
      "dealerName": {"type": "string"},
      "address": {
        "addressLine1": {"type": "string"},
        "addressLine2": {"type": "string"},
        "addressLine3": {"type": "string"},
        "city": {"type": "string"},
        "pinCode": {"type": "string"},
        "state": {"type": "string"}
      }
    },
    "consumer": {
      "status": {"type": "string"},
      "id": {"type": "string"},
      "name": {"type": "string"},
      "mobileNumber": {"type": "string"},
      "dealerId": {"type": "string"},
      "dealerName": {"type": "string"},
      "address": {
        "addressLine1": {"type": "string"},
        "addressLine2": {"type": "string"},
        "addressLine3": {"type": "string"},
        "city": {"type": "string"},
        "pinCode": {"type": "string"},
        "state": {"type": "string"}
      }
    }
  }
}