{
  "testId" : "1-galenimagecompare-main-title-here",
  "name" : "GalenImageCompare main title here",
  "report" : {
    "nodes" : [ {
      "name" : "GalenImageCompare single test",
      "status" : "error",
      "time" : 1564042743472,
      "includedTags" : [ "GalenImageCompare" ],
      "excludedTags" : [ ],
      "sections" : [ {
        "name" : "Page: Home page Section 4",
        "place" : {
          "filePath" : "GalenSpecsDefinationFiles/GalenImageCompare.gspec",
          "lineNumber" : 6
        },
        "objects" : [ {
          "name" : "image_element",
          "specs" : [ {
            "status" : "info",
            "place" : {
              "filePath" : "GalenSpecsDefinationFiles/GalenImageCompare.gspec",
              "lineNumber" : 10
            },
            "name" : "visible",
            "highlight" : [ "image_element" ]
          }, {
            "status" : "info",
            "place" : {
              "filePath" : "GalenSpecsDefinationFiles/GalenImageCompare.gspec",
              "lineNumber" : 11
            },
            "name" : "image file Toolsqa.jpg, error 40",
            "highlight" : [ "image_element" ]
          }, {
            "status" : "error",
            "place" : {
              "filePath" : "GalenSpecsDefinationFiles/GalenImageCompare.gspec",
              "lineNumber" : 12
            },
            "name" : "image file Toolsqa.jpg, filter-a blur 10, filter-b contrast 200, error 2",
            "errors" : [ "Element does not look like \"GalenSpecsDefinationFiles\\Toolsqa.jpg\". There are 17948 mismatching pixels but max allowed is 2" ],
            "highlight" : [ "image_element" ],
            "imageComparison" : {
              "actualImage" : "layout-2-image_element-actual.png",
              "expectedImage" : "layout-3-image_element-expected.png",
              "comparisonMapImage" : "layout-4-image_element-map.png"
            }
          } ]
        } ]
      } ],
      "objects" : {
        "image_element" : {
          "area" : [ 460, 36, 347, 100 ]
        }
      },
      "screenshot" : "layout-1-screenshot.png",
      "type" : "layout"
    } ]
  }
}