{
  "testId" : "1-basicspecs-main-title-here",
  "name" : "basicSpecs main title here",
  "report" : {
    "nodes" : [ {
      "name" : "basicSpecs single test",
      "status" : "error",
      "time" : 1583996751535,
      "includedTags" : [ "basicSpecs" ],
      "excludedTags" : [ ],
      "sections" : [ {
        "name" : "Page: Home page",
        "place" : {
          "filePath" : "GalenSpecsDefinationFiles/GalenBasicSpecs.gspec",
          "lineNumber" : 8
        },
        "objects" : [ {
          "name" : "full_header_box",
          "specs" : [ {
            "status" : "error",
            "place" : {
              "filePath" : "GalenSpecsDefinationFiles/GalenBasicSpecs.gspec",
              "lineNumber" : 12
            },
            "name" : "height 63px",
            "errors" : [ "\"full_header_box\" height is 524px instead of 63px" ],
            "highlight" : [ "full_header_box" ]
          }, {
            "status" : "error",
            "place" : {
              "filePath" : "GalenSpecsDefinationFiles/GalenBasicSpecs.gspec",
              "lineNumber" : 13
            },
            "name" : "width 809px",
            "errors" : [ "\"full_header_box\" width is 637px instead of 809px" ],
            "highlight" : [ "full_header_box" ]
          }, {
            "status" : "error",
            "place" : {
              "filePath" : "GalenSpecsDefinationFiles/GalenBasicSpecs.gspec",
              "lineNumber" : 14
            },
            "name" : "inside screen 206px left",
            "errors" : [ "\"full_header_box\" is 488px left instead of 206px" ],
            "highlight" : [ "full_header_box", "screen" ]
          } ]
        }, {
          "name" : "form_header",
          "specs" : [ {
            "status" : "error",
            "place" : {
              "filePath" : "GalenSpecsDefinationFiles/GalenBasicSpecs.gspec",
              "lineNumber" : 17
            },
            "name" : "height 39px",
            "errors" : [ "\"form_header\" height is 54px instead of 39px" ],
            "highlight" : [ "form_header" ]
          }, {
            "status" : "error",
            "place" : {
              "filePath" : "GalenSpecsDefinationFiles/GalenBasicSpecs.gspec",
              "lineNumber" : 18
            },
            "name" : "width 469px",
            "errors" : [ "\"form_header\" width is 446px instead of 469px" ],
            "highlight" : [ "form_header" ]
          }, {
            "status" : "error",
            "place" : {
              "filePath" : "GalenSpecsDefinationFiles/GalenBasicSpecs.gspec",
              "lineNumber" : 19
            },
            "name" : "text is \"Automation Practice Form\"",
            "errors" : [ "\"form_header\" text is \"Practice Automation Form\" but should be \"Automation Practice Form\"" ],
            "highlight" : [ "form_header" ]
          }, {
            "status" : "error",
            "place" : {
              "filePath" : "GalenSpecsDefinationFiles/GalenBasicSpecs.gspec",
              "lineNumber" : 20
            },
            "name" : "below full_header_box 30 to 40px",
            "errors" : [ "\"form_header\" is -360px below \"full_header_box\" which is not in range of 30 to 40px" ],
            "highlight" : [ "form_header", "full_header_box" ]
          } ]
        }, {
          "name" : "logo",
          "specs" : [ {
            "status" : "error",
            "place" : {
              "filePath" : "GalenSpecsDefinationFiles/GalenBasicSpecs.gspec",
              "lineNumber" : 23
            },
            "name" : "height 110px",
            "errors" : [ "\"logo\" height is 17px instead of 110px" ],
            "highlight" : [ "logo" ]
          }, {
            "status" : "info",
            "place" : {
              "filePath" : "GalenSpecsDefinationFiles/GalenBasicSpecs.gspec",
              "lineNumber" : 24
            },
            "name" : "width 347px",
            "highlight" : [ "logo" ]
          } ]
        } ]
      } ],
      "objects" : {
        "screen" : {
          "area" : [ 0, 0, 1353, 1958 ]
        },
        "logo" : {
          "area" : [ 202, 59, 347, 17 ]
        },
        "full_header_box" : {
          "area" : [ 488, 215, 637, 524 ]
        },
        "form_header" : {
          "area" : [ 488, 379, 446, 54 ]
        }
      },
      "screenshot" : "layout-1-screenshot.png",
      "type" : "layout"
    } ]
  }
}