<?xml version="1.0" encoding="UTF-8"?>
<!DOCTYPE suite SYSTEM "http://testng.org/testng-1.0.dtd">
<suite name="JIO Bank Service AUTOMATION" verbose="10">
    <test name="Customer" enabled="true">
        <groups>
            <run>
                <include name="sanity"/>
            </run>
        </groups>
        <classes>
            <class name="customerServices.GetAddress"/>
            <class name="customerServices.GetCustomer"/>
        </classes>
    </test>

    <test name="Account" enabled="true">
        <groups>
            <run>
                <include name="sanity"/>
            </run>
        </groups>
        <classes>
            <class name="accountService.GetBalance"/>
            <class name="accountService.GetAccount"/>
        </classes>
    </test>

    <test name="Payments" enabled="true">
        <groups>
            <run>
                <include name="sanity"/>
            </run>
        </groups>
        <classes>
            <class name="transactions.CreditTransaction"/>
            <class name="transactions.ENachCreditTransaction"/>
            <class name="transactions.DebitTransaction"/>
        </classes>
    </test>
</suite>