<?xml version="1.0" encoding="UTF-8"?>
<!DOCTYPE suite SYSTEM "http://testng.org/testng-1.0.dtd">
<suite name="JIO Bank Service AUTOMATION" verbose="10">

    <test name="Payments" enabled="true">
        <groups>
            <run>
                <include name="UPI"/>
            </run>
        </groups>
        <classes>
            <class name="transactions.CreditTransaction"/>
            <class name="transactions.DebitTransaction"/>
            <class name="transactions.AuthCaptureCancel"/>
        </classes>
    </test>
</suite>