<?xml version="1.0" encoding="UTF-8"?>
<!DOCTYPE suite SYSTEM "http://testng.org/testng-1.0.dtd">
<suite name="JIO Bank Service AUTOMATION" verbose="10">
    <test name="Account" enabled="true">
        <classes>
            <class name="accountService.GetAccount"/>
        </classes>
    </test>

    <test name="Payments" enabled="true">
        <groups>
            <run>
                <include name="eNach"/>
            </run>
        </groups>
        <classes>
            <class name="transactions.ENachCreditTransaction"/>
            <class name="transactions.DebitTransaction"/>
            <class name="transactions.FundTransfer"/>
        </classes>
    </test>
</suite>