<?xml version="1.0" encoding="UTF-8"?>
<!DOCTYPE suite SYSTEM "http://testng.org/testng-1.0.dtd">
<suite name="JIO Bank Service AUTOMATION" verbose="10">
    <test name="Customer" enabled="true">
        <classes>
            <class name="customerServices.GetAddress"/>
            <class name="customerServices.GetCustomer"/>
            <class name="customerServices.GetKyc"/>
            <class name="customerServices.GetNominee"/>
        </classes>
    </test>

    <test name="Account" enabled="true">
        <classes>
            <class name="accountService.GetBalance"/>
            <class name="accountService.GetMiniStatement"/>
            <class name="accountService.GetAccount"/>
        </classes>
    </test>

    <test name="Payments" enabled="true">
        <groups>
            <run>
                <include name="eNach"/>
            </run>
        </groups>
        <classes>
            <class name="transactions.CreditTransaction"/>
            <class name="transactions.ENachCreditTransaction"/>
            <class name="transactions.DebitTransaction"/>
            <class name="transactions.FundTransfer"/>
        </classes>
    </test>

    <test name="Payments_AuthCaptureCancel" enabled="true">
        <classes>
            <class name="transactions.AuthCaptureCancel"/>
        </classes>
    </test>

    <test name="MPIN" enabled="true">
        <classes>
            <class name="authentication.SetMPin"/>
            <class name="authentication.ResetMPin"/>
            <class name="authentication.ChangeMPin"/>
            <class name="authentication.AuthorizeMPin"/>
            <class name="authentication.OTP"/>
        </classes>
    </test>

    <test name="Virtual Account Management" enabled="true">
        <classes>
            <class name="virtualAccountManagement.GetCurrentAccount"/>
            <class name="virtualAccountManagement.SetVirtualAccount"/>
        </classes>
    </test>

    <test name="Virtual Account Management" enabled="true">
        <classes>
            <class name="nodalAccount.BalanceInquiry"/>
        </classes>
    </test>
</suite>