<?xml version="1.0" encoding="UTF-8"?>
<!DOCTYPE suite SYSTEM "http://testng.org/testng-1.0.dtd">
<suite name="JIO Bank Service AUTOMATION" verbose="10">
    <test name="MPIN" enabled="true">
        <classes>
            <class name="authentication.SetMPin"/>
            <class name="authentication.ResetMPin"/>
            <class name="authentication.ChangeMPin"/>
            <class name="authentication.AuthorizeMPin"/>
            <class name="authentication.OTP"/>
            <class name="bankAuthenticationService.EAuth"/>
            <class name="bankAuthenticationService.FaceRecognition"/>
        </classes>
    </test>
</suite>