<?xml version="1.0" encoding="UTF-8"?>
<launch4jConfig>
  <dontWrapJar>false</dontWrapJar>
  <headerType>gui</headerType>
  <jar>D:\RK R&amp;D\CT Screen Recorder\CT Screen RecorderCT UI.jar</jar>
  <outfile>D:\RK R&amp;D\CT Screen Recorder\CT Screen Recorder.exe</outfile>
  <errTitle></errTitle>
  <cmdLine></cmdLine>
  <chdir>.</chdir>
  <priority>normal</priority>
  <downloadUrl>http://java.com/download</downloadUrl>
  <supportUrl></supportUrl>
  <stayAlive>false</stayAlive>
  <restartOnCrash>false</restartOnCrash>
  <manifest></manifest>
  <icon>C:\Wallpaper\Final Images\citiustech-ico File.ico</icon>
  <singleInstance>
    <mutexName>CT Screen Recorder</mutexName>
    <windowTitle>Already Running</windowTitle>
  </singleInstance>
  <jre>
    <path></path>
    <bundledJre64Bit>false</bundledJre64Bit>
    <bundledJreAsFallback>false</bundledJreAsFallback>
    <minVersion>2</minVersion>
    <maxVersion></maxVersion>
    <jdkPreference>preferJre</jdkPreference>
    <runtimeBits>64/32</runtimeBits>
  </jre>
  <splash>
    <file>C:\Wallpaper\UAT Images\Untitled.bmp</file>
    <waitForWindow>true</waitForWindow>
    <timeout>60</timeout>
    <timeoutErr>true</timeoutErr>
  </splash>
</launch4jConfig>