{
  "testId" : "1-basicspecs-main-title-here",
  "name" : "basicSpecs main title here",
  "report" : {
    "nodes" : [ {
      "name" : "basicSpecs single test",
      "status" : "info",
      "time" : 1564041943420,
      "includedTags" : [ "basicSpecs" ],
      "excludedTags" : [ ],
      "sections" : [ {
        "name" : "Page: Home page",
        "place" : {
          "filePath" : "GalenSpecsDefinationFiles/GalenBasicSpecs.gspec",
          "lineNumber" : 8
        },
        "objects" : [ {
          "name" : "full_header_box",
          "specs" : [ {
            "status" : "info",
            "place" : {
              "filePath" : "GalenSpecsDefinationFiles/GalenBasicSpecs.gspec",
              "lineNumber" : 12
            },
            "name" : "height 63px",
            "highlight" : [ "full_header_box" ]
          }, {
            "status" : "info",
            "place" : {
              "filePath" : "GalenSpecsDefinationFiles/GalenBasicSpecs.gspec",
              "lineNumber" : 13
            },
            "name" : "width 809px",
            "highlight" : [ "full_header_box" ]
          }, {
            "status" : "info",
            "place" : {
              "filePath" : "GalenSpecsDefinationFiles/GalenBasicSpecs.gspec",
              "lineNumber" : 14
            },
            "name" : "inside screen 206px left",
            "highlight" : [ "full_header_box", "screen" ]
          }, {
            "status" : "info",
            "place" : {
              "filePath" : "GalenSpecsDefinationFiles/GalenImportSpecsFile.gspec",
              "lineNumber" : 9
            },
            "name" : "height 60 to 65px",
            "highlight" : [ "full_header_box" ]
          }, {
            "status" : "info",
            "place" : {
              "filePath" : "GalenSpecsDefinationFiles/GalenImportSpecsFile.gspec",
              "lineNumber" : 10
            },
            "name" : "width 800 to 850px",
            "highlight" : [ "full_header_box" ]
          } ]
        }, {
          "name" : "form_header",
          "specs" : [ {
            "status" : "info",
            "place" : {
              "filePath" : "GalenSpecsDefinationFiles/GalenBasicSpecs.gspec",
              "lineNumber" : 17
            },
            "name" : "height 39px",
            "highlight" : [ "form_header" ]
          }, {
            "status" : "info",
            "place" : {
              "filePath" : "GalenSpecsDefinationFiles/GalenBasicSpecs.gspec",
              "lineNumber" : 18
            },
            "name" : "width 469px",
            "highlight" : [ "form_header" ]
          }, {
            "status" : "info",
            "place" : {
              "filePath" : "GalenSpecsDefinationFiles/GalenBasicSpecs.gspec",
              "lineNumber" : 19
            },
            "name" : "text is \"Automation Practice Form\"",
            "highlight" : [ "form_header" ]
          }, {
            "status" : "info",
            "place" : {
              "filePath" : "GalenSpecsDefinationFiles/GalenBasicSpecs.gspec",
              "lineNumber" : 20
            },
            "name" : "below full_header_box 30 to 40px",
            "highlight" : [ "form_header", "full_header_box" ]
          } ]
        }, {
          "name" : "logo",
          "specs" : [ {
            "status" : "info",
            "place" : {
              "filePath" : "GalenSpecsDefinationFiles/GalenBasicSpecs.gspec",
              "lineNumber" : 23
            },
            "name" : "height 110px",
            "highlight" : [ "logo" ]
          }, {
            "status" : "info",
            "place" : {
              "filePath" : "GalenSpecsDefinationFiles/GalenBasicSpecs.gspec",
              "lineNumber" : 24
            },
            "name" : "width 347px",
            "highlight" : [ "logo" ]
          } ]
        } ]
      } ],
      "objects" : {
        "screen" : {
          "area" : [ 0, 0, 1267, 3111 ]
        },
        "logo" : {
          "area" : [ 460, 26, 347, 110 ]
        },
        "full_header_box" : {
          "area" : [ 206, 136, 809, 63 ]
        },
        "form_header" : {
          "area" : [ 399, 231, 469, 39 ]
        }
      },
      "screenshot" : "layout-1-screenshot.png",
      "type" : "layout"
    } ]
  }
}