{
  "testId" : "1-basicspecs-main-title-here",
  "name" : "basicSpecs main title here",
  "report" : {
    "nodes" : [ {
      "name" : "basicSpecs single test",
      "status" : "error",
      "time" : 1583909131447,
      "includedTags" : [ "basicSpecs" ],
      "excludedTags" : [ ],
      "sections" : [ {
        "name" : "Page: Home page",
        "place" : {
          "filePath" : "GalenSpecsDefinationFiles/GalenBasicSpecs.gspec",
          "lineNumber" : 8
        },
        "objects" : [ {
          "name" : "full_header_box",
          "specs" : [ {
            "status" : "error",
            "place" : {
              "filePath" : "GalenSpecsDefinationFiles/GalenBasicSpecs.gspec",
              "lineNumber" : 12
            },
            "name" : "height 63px",
            "errors" : [ "\"full_header_box\" is absent on page" ],
            "highlight" : [ ]
          }, {
            "status" : "error",
            "place" : {
              "filePath" : "GalenSpecsDefinationFiles/GalenBasicSpecs.gspec",
              "lineNumber" : 13
            },
            "name" : "width 809px",
            "errors" : [ "\"full_header_box\" is absent on page" ],
            "highlight" : [ ]
          }, {
            "status" : "error",
            "place" : {
              "filePath" : "GalenSpecsDefinationFiles/GalenBasicSpecs.gspec",
              "lineNumber" : 14
            },
            "name" : "inside screen 206px left",
            "errors" : [ "\"full_header_box\" is absent on page" ],
            "highlight" : [ ]
          }, {
            "status" : "error",
            "place" : {
              "filePath" : "GalenSpecsDefinationFiles/GalenImportSpecsFile.gspec",
              "lineNumber" : 9
            },
            "name" : "height 60 to 65px",
            "errors" : [ "\"full_header_box\" is absent on page" ],
            "highlight" : [ ]
          }, {
            "status" : "error",
            "place" : {
              "filePath" : "GalenSpecsDefinationFiles/GalenImportSpecsFile.gspec",
              "lineNumber" : 10
            },
            "name" : "width 800 to 850px",
            "errors" : [ "\"full_header_box\" is absent on page" ],
            "highlight" : [ ]
          } ]
        }, {
          "name" : "form_header",
          "specs" : [ {
            "status" : "error",
            "place" : {
              "filePath" : "GalenSpecsDefinationFiles/GalenBasicSpecs.gspec",
              "lineNumber" : 17
            },
            "name" : "height 39px",
            "errors" : [ "\"form_header\" is absent on page" ],
            "highlight" : [ ]
          }, {
            "status" : "error",
            "place" : {
              "filePath" : "GalenSpecsDefinationFiles/GalenBasicSpecs.gspec",
              "lineNumber" : 18
            },
            "name" : "width 469px",
            "errors" : [ "\"form_header\" is absent on page" ],
            "highlight" : [ ]
          }, {
            "status" : "error",
            "place" : {
              "filePath" : "GalenSpecsDefinationFiles/GalenBasicSpecs.gspec",
              "lineNumber" : 19
            },
            "name" : "text is \"Automation Practice Form\"",
            "errors" : [ "\"form_header\" is absent on page" ],
            "highlight" : [ ]
          }, {
            "status" : "error",
            "place" : {
              "filePath" : "GalenSpecsDefinationFiles/GalenBasicSpecs.gspec",
              "lineNumber" : 20
            },
            "name" : "below full_header_box 30 to 40px",
            "errors" : [ "\"form_header\" is absent on page" ],
            "highlight" : [ ]
          } ]
        }, {
          "name" : "logo",
          "specs" : [ {
            "status" : "error",
            "place" : {
              "filePath" : "GalenSpecsDefinationFiles/GalenBasicSpecs.gspec",
              "lineNumber" : 23
            },
            "name" : "height 110px",
            "errors" : [ "\"logo\" is absent on page" ],
            "highlight" : [ ]
          }, {
            "status" : "error",
            "place" : {
              "filePath" : "GalenSpecsDefinationFiles/GalenBasicSpecs.gspec",
              "lineNumber" : 24
            },
            "name" : "width 347px",
            "errors" : [ "\"logo\" is absent on page" ],
            "highlight" : [ ]
          } ]
        } ]
      } ],
      "objects" : { },
      "screenshot" : "layout-12-screenshot.png",
      "type" : "layout"
    } ]
  }
}