{
  "status": {"type": "string"},
  "response": {
    "profile": {
      "brandName": {"type": "string"},
      "merchantRisk": {"type": "string"},
      "merchantStatus": {"type": "string"},
      "mcc": {"type": "string"},
      "level": {"type": "string"},
      "businessCategory": {"type": "string"},
      "merchantType": {"type": "string"},
      "annualRevenueSegment": {"type": "string"},
      "yearsOfBusiness": {"type": "string"},
      "businessLegalName": {"type": "string"},
      "lineOfBusiness": {"type": "string"},
      "businessPANNumber": {"type": "string"},
      "merchantMobileNumber": {"type": "string"}
    },
    "financialProfile": {
      "settlementAccountBankName": {"type": "string"},
      "settlementAccountBankAccountNumber": {"type": "string"},
      "settlementAccountBankAccountAddress": {"type": "string"},
      "settlementAccountBankIFSCCode": {"type": "string"},
      "settlementFrequency": {"type": "string"},
      "grossSettlement": {"type": "string"}
    },
    "contact": [
      {
        "contactType": {"type": "string"},
        "firstName": {"type": "string"},
        "mobileNumber": {"type": "string"},
        "websiteEmailId": {"type": "string"}
      },
      {
        "contactType": {"type": "string"},
        "salutation": {"type": "string"},
        "firstName": {"type": "string"},
        "mobileNumber": {"type": "string"},
        "websiteEmailId": {"type": "string"}
      }
    ],
    "address": [
      {
        "addressType": {"type": "string"},
        "flatNumber": {"type": "string"},
        "buildingName": {"type": "string"},
        "district": {"type": "string"},
        "landMark": {"type": "string"},
        "street": {"type": "string"},
        "areaLocality": {"type": "string"},
        "subLocality": {"type": "string"},
        "pinCode": {"type": "string"},
        "state": {"type": "string"},
        "countryCode": {"type": "string"}
      },
      {
        "addressType": {"type": "string"},
        "flatNumber": {"type": "string"},
        "buildingName": {"type": "string"},
        "district": {"type": "string"},
        "landMark": {"type": "string"},
        "street": {"type": "string"},
        "areaLocality": {"type": "string"},
        "subLocality": {"type": "string"},
        "pinCode": {"type": "string"},
        "state": {"type": "string"},
        "countryCode": {"type": "string"}
      }
    ],
    "terminals": [
      {
        "terminalID": {"type": "string"},
        "mid": {"type": "string"}
      }
    ],
    "gst": {
      "merchantCategory": {"type": "string"}
    },

    "required": ["profile", "financialProfile","contact", "address","terminals", "gst"]
  },
  "required": ["status", "response"]
}