{
  "status": {"type": "string"},
  "response": [
    {
      "merchantStatus": {"type": "string"},
      "businessName": {"type": "string"},
      "firstname": {"type": "string"},
      "merchantId": {"type": "string"},
      "terminalId": {"type": "string"},
      "username": {"type": "string"},
      "location": {"type": "string"},

      "required": ["merchantStatus", "businessName","firstname", "merchantId","terminalId", "username","location"]
    }
  ],
  "required": ["status", "response"]
}