<?xml version = "1.0" encoding = "UTF-8"?>
<!DOCTYPE suite SYSTEM "http://testng.org/testng-1.0.dtd" >

<suite name="BOC Automation Suite" configfailurepolicy="continue">
    <test name = "Agent Portal sanity test" preserve-order="true">
           <classes>
                 <class name="webPortals.agentPortal.testcases.LoginTestcase"/>
                 <class name="webPortals.agentPortal.testcases.AddUserTestcase"/>
                 <class name="webPortals.agentPortal.testcases.SuspendUserTestcase"/>
                 <class name="webPortals.agentPortal.testcases.ResumeUserTestcase"/>
                 <class name="webPortals.agentPortal.testcases.DeleteUserTestcase"/>
                 <class name="webPortals.agentPortal.testcases.FAQSupportTestcase"/>
                 <class name="webPortals.agentPortal.testcases.LoadmoneyTestcase"/>
                 <class name="webPortals.agentPortal.testcases.TransactionHistoryTestcase"/>
                 <class name="webPortals.agentPortal.testcases.MerchantOnboardingTestcase"/>
                 <class name="webPortals.agentPortal.testcases.DownloadFTRTestcase"/>
                 <class name="webPortals.agentPortal.testcases.LoadOwnTradingBalTestcase"/>
           </classes>
       </test>
       <test name="JPM App Sanity Test">
           <classes>
               <class name="mobileApplications.jpmApp.testcases.LoginEntityTest"/>
               <class name="mobileApplications.jpmApp.testcases.SummaryTest"/>
               <class name="mobileApplications.jpmApp.testcases.TxnHistoryTest"/>
               <class name="mobileApplications.jpmApp.testcases.HelpEntityTest"/>
               <class name="mobileApplications.jpmApp.testcases.CollectPaymentTest"/>
               <class name="mobileApplications.jpmApp.testcases.ChangeLanguageTest"/>
               <class name="mobileApplications.jpmApp.testcases.ChangePasswordTest"/>
               <class name="mobileApplications.jpmApp.testcases.ForgetPasswordTest"/>
               <class name="mobileApplications.jpmApp.testcases.LogoutEntityTest"/>
           </classes>
       </test>
    <test name = "JPB App sanity test">
        <classes>
            <class name="mobileApplications.jpbApp.testcases.LoginEntityTest"/>
            <class name="mobileApplications.jpbApp.testcases.MyAccountTest"/>
            <class name="mobileApplications.jpbApp.testcases.HistoryTest"/>
            <class name="mobileApplications.jpbApp.testcases.LoadMoneyTest"/>
            <class name="mobileApplications.jpbApp.testcases.BillPaymentTest"/>
            <class name="mobileApplications.jpbApp.testcases.IMPSTransactionTest"/>
            <class name="mobileApplications.jpbApp.testcases.NEFTTransactionTest"/>
            <class name="mobileApplications.jpbApp.testcases.PayAtShopTest"/>
            <class name="mobileApplications.jpbApp.testcases.UPITransactionTest"/>
            <class name="mobileApplications.jpbApp.testcases.ChangeMPINEntityTest"/>
            <class name="mobileApplications.jpbApp.testcases.ChangePasswordTest"/>
            <class name="mobileApplications.jpbApp.testcases.ForgetPasswordTest"/>
            <class name="mobileApplications.jpbApp.testcases.LogOutEntityTest"/>
        </classes>
    </test>
    <test name = "Merchant Portal sanity test">
        <classes>
            <class name="webPortals.merchantPortal.Testcases.LoginTestcase"/>
            <class name="webPortals.merchantPortal.Testcases.HistoryTestcase"/>
            <class name="webPortals.merchantPortal.Testcases.UpdateProfileTestcase"/>
            <class name="webPortals.merchantPortal.Testcases.DownloadSettlementRecordTestcase"/>
            <class name="webPortals.merchantPortal.Testcases.DownloadReportTestcase"/>
            <class name="webPortals.merchantPortal.Testcases.LogoutTestcase"/>
            <class name="webPortals.merchantPortal.Testcases.MerchantRegisterTestcase"/>
            <class name="webPortals.merchantPortal.Testcases.LoginTestcase"/>
            <class name="webPortals.merchantPortal.Testcases.ChangePasswordTestcase"/>
            <class name="webPortals.merchantPortal.Testcases.ForgetPasswordTestcase"/>
        </classes>
    </test>
    <test name = "Merchant App sanity test" >
        <classes>
            <class name="mobileApplications.merchantApp.testcases.LoginTestcase"/>
            <class name="mobileApplications.merchantApp.testcases.ProfileTestcase"/>
            <class name="mobileApplications.merchantApp.testcases.VerifyHelpTestcase"/>
            <class name="mobileApplications.merchantApp.testcases.CheckHistoryTestcase"/>
            <class name="mobileApplications.merchantApp.testcases.ChangePasswordTestcase"/>
            <class name="mobileApplications.merchantApp.testcases.ForgetPasswordTestcase"/>
            <class name="mobileApplications.merchantApp.testcases.LogoutTestcase"/>
        </classes>
      </test>



</suite>