<?xml version = "1.0" encoding = "UTF-8"?>
<!DOCTYPE suite SYSTEM "http://testng.org/testng-1.0.dtd" >

<suite name="BOC Automation Suite" configfailurepolicy="continue">
    <!--<test name="Agent Portal sanity test">
        <classes>
            <class name="webPortals.agentPortal.testcases.LoginTestcase"/>
            <class name="webPortals.agentPortal.testcases.AddUserTestcase"/>
            <class name="webPortals.agentPortal.testcases.SuspendUserTestcase"/>
            <class name="webPortals.agentPortal.testcases.ResumeUserTestcase"/>
            <class name="webPortals.agentPortal.testcases.DeleteUserTestcase"/>
            <class name="webPortals.agentPortal.testcases.FAQSupportTestcase"/>
            <class name="webPortals.agentPortal.testcases.HierarchyAndCommissionTestcase"/>
            <class name="webPortals.agentPortal.testcases.LoadOwnTradingBalTestcase"/>
            <class name="webPortals.agentPortal.testcases.LoadmoneyTestcase"/>
            <class name="webPortals.agentPortal.testcases.TransactionHistoryTestcase"/>
            <class name="webPortals.agentPortal.testcases.MerchantOnboardingTestcase"/>
            <class name="webPortals.agentPortal.testcases.DownloadFTRTestcase"/>
        </classes>
    </test>
    <test name="JPB App sanity test">
        <classes>
            <class name="mobileApplications.jpbApp.testcases.LoginEntityTest"/>
            <class name="mobileApplications.jpbApp.testcases.MyAccountTest"/>
            <class name="mobileApplications.jpbApp.testcases.HistoryTest"/>
            <class name="mobileApplications.jpbApp.testcases.LoadMoneyTest"/>
            &lt;!&ndash;<class name="mobileApplications.jpbApp.testcases.BillPaymentTest"/>&ndash;&gt;
            <class name="mobileApplications.jpbApp.testcases.IMPSTransactionTest"/>
            <class name="mobileApplications.jpbApp.testcases.NEFTTransactionTest"/>
            <class name="mobileApplications.jpbApp.testcases.PayAtShopTest"/>
            <class name="mobileApplications.jpbApp.testcases.UPITransactionTest"/>
            <class name="mobileApplications.jpbApp.testcases.ChangeMPINEntityTest"/>
            <class name="mobileApplications.jpbApp.testcases.ChangePasswordTest"/>
            <class name="mobileApplications.jpbApp.testcases.ForgetPasswordTest"/>
            <class name="mobileApplications.jpbApp.testcases.LogOutEntityTest"/>
        </classes>
    </test>-->
    <test name="JPM App Sanity Test">
        <classes>
            <class name="mobileApplications.jpmApp.testcases.LoginEntityTest"/>
            <class name="mobileApplications.jpmApp.testcases.ProfileEntityTest"/>
            <class name="mobileApplications.jpmApp.testcases.SummaryTest"/>
            <class name="mobileApplications.jpmApp.testcases.TxnHistoryTest"/>
            <class name="mobileApplications.jpmApp.testcases.HelpEntityTest"/>
            <class name="mobileApplications.jpmApp.testcases.CollectPaymentTest"/>
            <class name="mobileApplications.jpmApp.testcases.ChangeLanguageTest"/>
            <class name="mobileApplications.jpmApp.testcases.ChangePasswordTest"/>
            <class name="mobileApplications.jpmApp.testcases.ForgetPasswordTest"/>
            <class name="mobileApplications.jpmApp.testcases.LogoutEntityTest"/>
        </classes>
    </test>
    <test name="Merchant App sanity test">
        <classes>
            <class name="mobileApplications.merchantApp.testcases.LoginTestcase"/>
            <class name="mobileApplications.merchantApp.testcases.ProfileTestcase"/>
            <class name="mobileApplications.merchantApp.testcases.VerifyHelpTestcase"/>
            <class name="mobileApplications.merchantApp.testcases.CheckHistoryTestcase"/>
            <class name="mobileApplications.merchantApp.testcases.ChangePasswordTestcase"/>
            <class name="mobileApplications.merchantApp.testcases.ForgetPasswordTestcase"/>
            <class name="mobileApplications.merchantApp.testcases.LogoutTestcase"/>
        </classes>
    </test>
    <test name="Merchant Portal sanity test">
        <classes>
            <class name="webPortals.merchantPortal.testcases.LoginTestcase"/>
            <class name="webPortals.merchantPortal.testcases.HistoryTestcase"/>
            <class name="webPortals.merchantPortal.testcases.UpdateProfileTestcase"/>
            <class name="webPortals.merchantPortal.testcases.DownloadSettlementRecordTestcase"/>
            <class name="webPortals.merchantPortal.testcases.DownloadReportTestcase"/>
            <class name="webPortals.merchantPortal.testcases.AcceptPaymentsTestcase"/>
            <class name="webPortals.merchantPortal.testcases.RefundTestcase"/>
            <class name="webPortals.merchantPortal.testcases.LogoutTestcase"/>
            <class name="webPortals.merchantPortal.testcases.MerchantRegisterTestcase"/>
            <class name="webPortals.merchantPortal.testcases.ChangePasswordTestcase"/>
            <class name="webPortals.merchantPortal.testcases.ForgetPasswordTestcase"/>
        </classes>
    </test>
</suite>