{
  "testId" : "1-galendifferentpagesectiontest-main-title-here",
  "name" : "GalenDifferentPageSectionTest main title here",
  "report" : {
    "nodes" : [ {
      "name" : "GalenDifferentPageSectionTest Test",
      "status" : "error",
      "time" : 1583909107392,
      "includedTags" : [ "basicSpecsSection_1", "basicSpecsSection_2", "basicSpecsSection_3" ],
      "excludedTags" : [ ],
      "sections" : [ {
        "name" : "Page: Home page Section 1",
        "place" : {
          "filePath" : "GalenSpecsDefinationFiles/GalenDifferentPageSection.gspec",
          "lineNumber" : 8
        },
        "objects" : [ {
          "name" : "full_header_box",
          "specs" : [ {
            "status" : "error",
            "place" : {
              "filePath" : "GalenSpecsDefinationFiles/GalenDifferentPageSection.gspec",
              "lineNumber" : 12
            },
            "name" : "height 63px",
            "errors" : [ "\"full_header_box\" is absent on page" ],
            "highlight" : [ ]
          }, {
            "status" : "error",
            "place" : {
              "filePath" : "GalenSpecsDefinationFiles/GalenDifferentPageSection.gspec",
              "lineNumber" : 13
            },
            "name" : "width 809px",
            "errors" : [ "\"full_header_box\" is absent on page" ],
            "highlight" : [ ]
          }, {
            "status" : "error",
            "place" : {
              "filePath" : "GalenSpecsDefinationFiles/GalenDifferentPageSection.gspec",
              "lineNumber" : 14
            },
            "name" : "inside screen 206px left",
            "errors" : [ "\"full_header_box\" is absent on page" ],
            "highlight" : [ ]
          } ]
        } ]
      }, {
        "name" : "Page: Home page Section 2",
        "place" : {
          "filePath" : "GalenSpecsDefinationFiles/GalenDifferentPageSection.gspec",
          "lineNumber" : 16
        },
        "objects" : [ {
          "name" : "form_header",
          "specs" : [ {
            "status" : "error",
            "place" : {
              "filePath" : "GalenSpecsDefinationFiles/GalenDifferentPageSection.gspec",
              "lineNumber" : 19
            },
            "name" : "height 39px",
            "errors" : [ "\"form_header\" is absent on page" ],
            "highlight" : [ ]
          }, {
            "status" : "error",
            "place" : {
              "filePath" : "GalenSpecsDefinationFiles/GalenDifferentPageSection.gspec",
              "lineNumber" : 20
            },
            "name" : "width 469px",
            "errors" : [ "\"form_header\" is absent on page" ],
            "highlight" : [ ]
          }, {
            "status" : "error",
            "place" : {
              "filePath" : "GalenSpecsDefinationFiles/GalenDifferentPageSection.gspec",
              "lineNumber" : 21
            },
            "name" : "text is \"Automation Practice Form\"",
            "errors" : [ "\"form_header\" is absent on page" ],
            "highlight" : [ ]
          }, {
            "status" : "error",
            "place" : {
              "filePath" : "GalenSpecsDefinationFiles/GalenDifferentPageSection.gspec",
              "lineNumber" : 22
            },
            "name" : "below full_header_box 30 to 40px",
            "errors" : [ "\"form_header\" is absent on page" ],
            "highlight" : [ ]
          } ]
        } ]
      }, {
        "name" : "Page: Home page Section 3",
        "place" : {
          "filePath" : "GalenSpecsDefinationFiles/GalenDifferentPageSection.gspec",
          "lineNumber" : 24
        },
        "objects" : [ {
          "name" : "logo",
          "specs" : [ {
            "status" : "error",
            "place" : {
              "filePath" : "GalenSpecsDefinationFiles/GalenDifferentPageSection.gspec",
              "lineNumber" : 27
            },
            "name" : "height 110px",
            "errors" : [ "\"logo\" is absent on page" ],
            "highlight" : [ ]
          }, {
            "status" : "error",
            "place" : {
              "filePath" : "GalenSpecsDefinationFiles/GalenDifferentPageSection.gspec",
              "lineNumber" : 28
            },
            "name" : "width 347px",
            "errors" : [ "\"logo\" is absent on page" ],
            "highlight" : [ ]
          } ]
        } ]
      } ],
      "objects" : { },
      "screenshot" : "layout-10-screenshot.png",
      "type" : "layout"
    } ]
  }
}