{
  "testId" : "1-looping-main-title-here",
  "name" : "Looping main title here",
  "report" : {
    "nodes" : [ {
      "name" : "Looping single test",
      "status" : "info",
      "time" : 1583909143447,
      "includedTags" : [ "Looping" ],
      "excludedTags" : [ ],
      "sections" : [ {
        "name" : "Page: Home page",
        "place" : {
          "filePath" : "GalenSpecsDefinationFiles/GalenLoopStatementSpecs.gspec",
          "lineNumber" : 12
        },
        "objects" : [ {
          "name" : "YOE_RadioButton1",
          "specs" : [ {
            "status" : "info",
            "place" : {
              "filePath" : "GalenSpecsDefinationFiles/GalenLoopStatementSpecs.gspec",
              "lineNumber" : 17
            },
            "name" : "visible",
            "highlight" : [ "YOE_RadioButton1" ]
          }, {
            "status" : "info",
            "place" : {
              "filePath" : "GalenSpecsDefinationFiles/GalenLoopStatementSpecs.gspec",
              "lineNumber" : 18
            },
            "name" : "height 13px",
            "highlight" : [ "YOE_RadioButton1" ]
          } ]
        }, {
          "name" : "YOE_RadioButton2",
          "specs" : [ {
            "status" : "info",
            "place" : {
              "filePath" : "GalenSpecsDefinationFiles/GalenLoopStatementSpecs.gspec",
              "lineNumber" : 17
            },
            "name" : "visible",
            "highlight" : [ "YOE_RadioButton2" ]
          }, {
            "status" : "info",
            "place" : {
              "filePath" : "GalenSpecsDefinationFiles/GalenLoopStatementSpecs.gspec",
              "lineNumber" : 18
            },
            "name" : "height 13px",
            "highlight" : [ "YOE_RadioButton2" ]
          } ]
        }, {
          "name" : "YOE_RadioButton3",
          "specs" : [ {
            "status" : "info",
            "place" : {
              "filePath" : "GalenSpecsDefinationFiles/GalenLoopStatementSpecs.gspec",
              "lineNumber" : 17
            },
            "name" : "visible",
            "highlight" : [ "YOE_RadioButton3" ]
          }, {
            "status" : "info",
            "place" : {
              "filePath" : "GalenSpecsDefinationFiles/GalenLoopStatementSpecs.gspec",
              "lineNumber" : 18
            },
            "name" : "height 13px",
            "highlight" : [ "YOE_RadioButton3" ]
          } ]
        }, {
          "name" : "YOE_RadioButton4",
          "specs" : [ {
            "status" : "info",
            "place" : {
              "filePath" : "GalenSpecsDefinationFiles/GalenLoopStatementSpecs.gspec",
              "lineNumber" : 17
            },
            "name" : "visible",
            "highlight" : [ "YOE_RadioButton4" ]
          }, {
            "status" : "info",
            "place" : {
              "filePath" : "GalenSpecsDefinationFiles/GalenLoopStatementSpecs.gspec",
              "lineNumber" : 18
            },
            "name" : "height 13px",
            "highlight" : [ "YOE_RadioButton4" ]
          } ]
        }, {
          "name" : "YOE_RadioButton5",
          "specs" : [ {
            "status" : "info",
            "place" : {
              "filePath" : "GalenSpecsDefinationFiles/GalenLoopStatementSpecs.gspec",
              "lineNumber" : 17
            },
            "name" : "visible",
            "highlight" : [ "YOE_RadioButton5" ]
          }, {
            "status" : "info",
            "place" : {
              "filePath" : "GalenSpecsDefinationFiles/GalenLoopStatementSpecs.gspec",
              "lineNumber" : 18
            },
            "name" : "height 13px",
            "highlight" : [ "YOE_RadioButton5" ]
          } ]
        }, {
          "name" : "YOE_RadioButton6",
          "specs" : [ {
            "status" : "info",
            "place" : {
              "filePath" : "GalenSpecsDefinationFiles/GalenLoopStatementSpecs.gspec",
              "lineNumber" : 17
            },
            "name" : "visible",
            "highlight" : [ "YOE_RadioButton6" ]
          }, {
            "status" : "info",
            "place" : {
              "filePath" : "GalenSpecsDefinationFiles/GalenLoopStatementSpecs.gspec",
              "lineNumber" : 18
            },
            "name" : "height 13px",
            "highlight" : [ "YOE_RadioButton6" ]
          } ]
        }, {
          "name" : "YOE_RadioButton7",
          "specs" : [ {
            "status" : "info",
            "place" : {
              "filePath" : "GalenSpecsDefinationFiles/GalenLoopStatementSpecs.gspec",
              "lineNumber" : 17
            },
            "name" : "visible",
            "highlight" : [ "YOE_RadioButton7" ]
          }, {
            "status" : "info",
            "place" : {
              "filePath" : "GalenSpecsDefinationFiles/GalenLoopStatementSpecs.gspec",
              "lineNumber" : 18
            },
            "name" : "height 13px",
            "highlight" : [ "YOE_RadioButton7" ]
          } ]
        } ]
      } ],
      "objects" : {
        "YOE_RadioButton1" : {
          "area" : [ 634, 951, 13, 13 ]
        },
        "YOE_RadioButton2" : {
          "area" : [ 677, 951, 13, 13 ]
        },
        "YOE_RadioButton3" : {
          "area" : [ 720, 951, 13, 13 ]
        },
        "YOE_RadioButton4" : {
          "area" : [ 763, 951, 13, 13 ]
        },
        "YOE_RadioButton5" : {
          "area" : [ 806, 951, 13, 13 ]
        },
        "YOE_RadioButton6" : {
          "area" : [ 849, 951, 13, 13 ]
        },
        "YOE_RadioButton7" : {
          "area" : [ 892, 951, 13, 13 ]
        }
      },
      "screenshot" : "layout-13-screenshot.png",
      "type" : "layout"
    } ]
  }
}