{
  "testId" : "1-conditional-main-title-here",
  "name" : "Conditional main title here",
  "report" : {
    "nodes" : [ {
      "name" : "Conditional single test",
      "status" : "error",
      "time" : 1583909094428,
      "includedTags" : [ "Conditional" ],
      "excludedTags" : [ ],
      "sections" : [ {
        "name" : "Page: Home page",
        "place" : {
          "filePath" : "GalenSpecsDefinationFiles/GalenConditonStatementSpecs.gspec",
          "lineNumber" : 7
        },
        "objects" : [ {
          "name" : "full_header_box",
          "specs" : [ {
            "status" : "error",
            "place" : {
              "filePath" : "GalenSpecsDefinationFiles/GalenConditonStatementSpecs.gspec",
              "lineNumber" : 15
            },
            "name" : "inside screen 206px left",
            "errors" : [ "\"full_header_box\" is absent on page" ],
            "highlight" : [ ]
          } ]
        } ]
      } ],
      "objects" : { },
      "screenshot" : "layout-9-screenshot.png",
      "type" : "layout"
    } ]
  }
}