{
  "status": {"type": "string"},
  "data": {
    "transactionType": {"type": "string"},
    "content": [
      {
        "transactionDateTime": {"type": "string"},
        "additionalDataNational": {"type": "string"},
        "transactionAmount": {"type": "double"},
        "refundAmount": {"type": "double"},
		"refundRequestedDate": {"type": "string"},
		"refundProcessedDate": {"type": "string"},
		"refundStatus": {"type": "string"},
		"retrievalReferenceNumber": {"type": "string"},
		"accountNumber": {"type": "string"},
		"cardType": {"type": "string"},
		"authCode": {"type": "string"},
		"paymentType": {"type": "string"},
		"issRefData": {"type": "string"},
		"customerId": {"type": "string"},
		"customerName": {"type": "string"},
		"mobileNumber": {"type": "string"},
		"email": {"type": "string"},
		"merchantReferenceNumber": {"type": "string"},
		"refundReferenceNumber": {"type": "string"}
      }
    ],
    "page": {
      "size":  {"type": "int"},
      "totalElements": {"type": "int"},
      "totalPages": {"type": "int"},
      "number": {"type": "int"}
    }
  },
  "timeStamp":  {"type": "string"}
}
