{
  "status": {"type": "string"},
  "data": {
    "transactionType": {"type": "string"},
    "content": [
      {
        "transactionDateTime": {"type": "string"},
        "additionalDataNational": {"type": "string"},
        "transactionAmount": {"type": "double"}
      }
    ],
    "page": {
      "size":  {"type": "int"},
      "totalElements": {"type": "int"},
      "totalPages": {"type": "int"},
      "number": {"type": "int"}
    }
  },
  "timeStamp":  {"type": "string"}
}
