{
  "status": {"type": "string"},
  "data": {
    "transactionType": {"type": "string"},
    "content": [
      {
		"settlementDate": {"type": "string"},
		"settledTransactionCount": {"type": "int"},
		"settledTransactionAmount": {"type": "double"},
		"refundCount": {"type": "int"},
		"refundAmount": {"type": "double"},
		"settlementAmount": {"type": "double"},
		"settlementReferenceNumber": {"type": "string"},
		"fileName": {"type": "string"}
      }
    ],
    "page": {
      "size":  {"type": "int"},
      "totalElements": {"type": "int"},
      "totalPages": {"type": "int"},
      "number": {"type": "int"}
    }
  },
  "timeStamp":  {"type": "string"}
}
