{
  "status": {"type": "string"},
  "data": {
    "transactionType": {"type": "string"},
    "content": [
      {
		"transactionDateTime": {"type": "string"},
		"additionalDataNational": {"type": "string"},
		"retrievalReferenceNumber": {"type": "string"},
		"transactionAmount": {"type": "double"},
		"transactionDisposition": {"type": "string"},
		"cardType": {"type": "string"},
		"paymentType": {"type": "string"},
		"issRefData": {"type": "string"}
      }
    ],
    "page": {
      "size":  {"type": "int"},
      "totalElements": {"type": "int"},
      "totalPages": {"type": "int"},
      "number": {"type": "int"}
    }
  },
  "timeStamp":  {"type": "string"}
}
