{
  "status": {"type": "string"},
  "data": {
    "transactionType": {"type": "string"},
    "content": [
      {
        "transactionDateTime": {"type": "string"},
        "additionalDataNational": {"type": "string"},
        "retrievalReferenceNumber": {"type": "string"},
        "transactionAmount": {"type": "double"},
        "transactionDisposition":  {"type": "string"},
        "cardType":  {"type": "string"},
        "paymentType":  {"type": "string"},
        "issRefData":  {"type": "string"},
        "transactionType":  {"type": "string"},
        "settlementRefNumber":  {"type": "string"},
        "action":  {"type": "string"},
        "accountNumber":  {"type": "string"},
        "refundAmount": {"type": "double"},
        "authCode":  {"type": "string"},
        "acquirerTerminal":  {"type": "string"},
        "surChargeAmount": {"type": "double"},
        "conFeeAmount": {"type": "double"},
        "emiInd": {"type": "string"},
        "merchantName":  {"type": "string"},
        "merchantType":  {"type": "string"},
        "settlementStatus":  {"type": "string"},
        "commissionCharged": {"type": "double"},
        "totalTaxOnCommission": {"type": "double"},
        "settledAmount": {"type": "double"},
        "totalTaxOnConvenienceFee": {"type": "double"},
        "amountDebitedFromCustomer": {"type": "double"},
        "refundRequestedDate":  {"type": "string"},
        "refundProcessedDate":  {"type": "string"},
        "chargeBackReason":  {"type": "string"},
        "refundStatus":  {"type": "string"},
        "settlementDate":  {"type": "string"},
        "customerId":  {"type": "string"},
        "customerName":  {"type": "string"},
        "addressLine1":  {"type": "string"},
        "addressLine2":  {"type": "string"},
        "pinCode":  {"type": "string"},
        "mobileNumber": {"type": "string"},
        "email":  {"type": "string"},
        "state":  {"type": "string"},
        "merchantOfferRefId":  {"type": "string"},
        "offerKey":  {"type": "string"},
        "instantDiscountAmount": {"type": "double"},
        "instantDiscountStatus":  {"type": "string"},
        "cashbackAmount": {"type": "double"},
        "cashbackStatus":  {"type": "string"},
        "offerCompulsoryFlag": true,
        "offerTransactionAmount": {"type": "double"},
        "transactionClass":  {"type": "string"},
        "issCountryCode":  {"type": "string"},
        "cardLogoId":  {"type": "string"},
        "chargeBackDate":  {"type": "string"},
        "replyBeforeDate":  {"type": "string"},
        "startDateTime":  {"type": "string"},
        "tokenPan":  {"type": "string"},
        "acquirerBusiness":  {"type": "string"},
        "acquirerInstitution":  {"type": "string"},
        "actionCode":  {"type": "string"},
        "clerk":  {"type": "string"},
        "financialType":  {"type": "string"},
        "issuerInstitution":  {"type": "string"},
        "merchantCity":  {"type": "string"},
        "systemTraceAuditNumber":  {"type": "string"},
        "accountNoSufix":  {"type": "string"},
        "accountNoPrefix":  {"type": "string"},
        "forwardingId":  {"type": "string"},
        "acqDate":  {"type": "string"},
        "acqCountryCode":  {"type": "string"},
        "acqDateConver":  {"type": "string"},
        "acqMsgResonCode":  {"type": "string"},
        "addDataAcq":  {"type": "string"},
        "addDataIssuer":  {"type": "string"},
        "availableBal":  {"type": "double"},
        "issDateConv":  {"type": "string"},
        "cardAcceptTerm":  {"type": "string"},
        "cardAcceptId":  {"type": "string"},
        "funcCode":  {"type": "string"},
        "extendedData":  {"type": "string"}
      }
    ],
    "page": {
      "size":  {"type": "int"},
      "totalElements": {"type": "int"},
      "totalPages": {"type": "int"},
      "number": {"type": "int"}
    }
  },
  "timeStamp":  {"type": "string"}
}
