<?xml version = "1.0" encoding = "UTF-8"?>
<!DOCTYPE suite SYSTEM "http://testng.org/testng-1.0.dtd" >

<suite name="New Merchant Portal" verbose="1">

    <test name="NewMerchantPortal_AllAPI">

        <classes>
            <!--<class name="Authenticate_API.GenerateOTP"/>
            <class name="Authenticate_API.ChangeCredential"/>
            <class name="Authenticate_API.ResetCredential"/>
            <class name="Authenticate_API.Authenticate"/>
            <class name="Authenticate_API.AuthenticateAllAPI"/>

            <class name="GST_API.GetColumns"/>
            <class name="GST_API.GSTInvoices"/>

            <class name="InitiateRefund_API.InitiateRefund"/>

            <class name="MerchantManagement_API.GetCardsMerchant"/>
            <class name="MerchantManagement_API.GetMerchantConfig"/>
            <class name="MerchantManagement_API.GetMerchantConfigList"/>
            <class name="MerchantManagement_API.MerchantUserInterface"/>
            <class name="MerchantManagement_API.SearchMerchant"/>

            <class name="Transaction_API.Transactions"/>
            <class name="Transaction_API.TransactionById"/>
            <class name="Transaction_API.Refunds"/>
            <class name="Transaction_API.RefundsById"/>-->
            <class name="Transaction_API.Settlements"/>
            <class name="Transaction_API.GenerateSettlementReport"/>
        </classes>
    </test>


</suite>