<?xml version="1.0" encoding="UTF-8"?>
<!DOCTYPE suite SYSTEM "http://testng.org/testng-1.0.dtd">
<suite name="ENACH Test Automation">
    <test name="ENACH Test">
        <classes>
            <class name="enach.simulator.eMandateRegistration"/>
            <class name="enach.simulator.eMandateRegstNegAccntStatus"/>
        </classes>
    </test>
    <!-- Test
    <test name="Demand Processing Tests">
    <classes>
        <class name="enach.demandProcessing.DRValidDataFlowTest"/>
        <class name="enach.demandProcessing.DRInValidDataFlowTest"/>
        <class name="enach.demandProcessing.DRIncorrectScenariosTest"/>
        <class name="enach.demandProcessing.DRMissingScenariosTest"/>
        <class name="enach.demandProcessing.DRInValidAccountsScenariosTest"/>
        <class name="enach.demandProcessing.DRMultipleValidFlowTest"/>
    </classes>
    </test>-->
</suite> <!-- Suite -->